file,validated,source,document_number,major_version__v
/R&D/DK/Doc1_1/fileloc.pdf,TRUE,Migration,1.1,1
/R&D/DK/Doc1_2/fileloc.pdf,TRUE,Migration,1.2,2
/R&D/DK/Doc1_3/fileloc.pdf,TRUE,Migration,1.3,3
/R&D/DK/Doc1_4/fileloc.pdf,TRUE,Migration,1.4,4
/R&D/CH/Doc2_1/fileloc.pdf,FALSE,Migration,2.1,1
/R&D/CH/Doc2_2/fileloc.pdf,FALSE,Migration,2.2,2
/R&D/CH/Doc2_3/fileloc.pdf,FALSE,Migration,2.3,3
/R&D/CH/Doc2_4/fileloc.pdf,TRUE,Migration,2.4,4
/R&D/UK/Doc3_1/fileloc.pdf,FALSE,Migration,3.1,1
/R&D/UK/Doc3_2/fileloc.pdf,TRUE,Migration,3.2,2
/R&D/UK/Doc3_3/fileloc.pdf,FALSE,Migration,3.3,3
/R&D/UK/Doc3_4/fileloc.pdf,TRUE,Migration,3.4,4
/R&D/ES/Doc4_1/fileloc.pdf,FALSE,Migration,4.1,1
/R&D/ES/Doc4_2/fileloc.pdf,TRUE,Migration,4.2,2
/R&D/ES/Doc4_3/fileloc.pdf,FALSE,Migration,4.3,3
/R&D/ES/Doc4_4/fileloc.pdf,FALSE,Migration,4.4,4
/R&D/DE/Doc5_1/fileloc.pdf,TRUE,Migration,5.1,1
/R&D/DE/Doc5_2/fileloc.pdf,FALSE,Migration,5.2,2
/R&D/DE/Doc5_3/fileloc.pdf,TRUE,Migration,5.3,3
/R&D/DE/Doc5_4/fileloc.pdf,TRUE,Migration,5.4,4
/R&D/DK/Doc6_1/fileloc.pdf,TRUE,Migration,6.1,1
/R&D/DK/Doc6_2/fileloc.pdf,TRUE,Migration,6.2,2
/R&D/DK/Doc6_3/fileloc.pdf,FALSE,Migration,6.3,3
/R&D/DK/Doc6_4/fileloc.pdf,TRUE,Migration,6.4,4
/R&D/CH/Doc7_1/fileloc.pdf,FALSE,Migration,7.1,1
/R&D/CH/Doc7_2/fileloc.pdf,TRUE,Migration,7.2,2
/R&D/CH/Doc7_3/fileloc.pdf,FALSE,Migration,7.3,3
/R&D/CH/Doc7_4/fileloc.pdf,TRUE,Migration,7.4,4
/R&D/UK/Doc8_1/fileloc.pdf,FALSE,Migration,8.1,1
/R&D/UK/Doc8_2/fileloc.pdf,FALSE,Migration,8.2,2
/R&D/UK/Doc8_3/fileloc.pdf,FALSE,Migration,8.3,3
/R&D/UK/Doc8_4/fileloc.pdf,TRUE,Migration,8.4,4
/R&D/ES/Doc9_1/fileloc.pdf,FALSE,Migration,9.1,1
/R&D/ES/Doc9_2/fileloc.pdf,TRUE,Migration,9.2,2
/R&D/ES/Doc9_3/fileloc.pdf,FALSE,Migration,9.3,3
/R&D/ES/Doc9_4/fileloc.pdf,TRUE,Migration,9.4,4
/R&D/DE/Doc10_1/fileloc.pdf,TRUE,Migration,10.1,1
/R&D/DE/Doc10_2/fileloc.pdf,FALSE,Migration,10.2,2
/R&D/DE/Doc10_3/fileloc.pdf,FALSE,Migration,10.3,3
/R&D/DE/Doc10_4/fileloc.pdf,TRUE,Migration,10.4,4
/R&D/DK/Doc11_1/fileloc.pdf,FALSE,Migration,11.1,1
/R&D/DK/Doc11_2/fileloc.pdf,TRUE,Migration,11.2,2
/R&D/DK/Doc11_3/fileloc.pdf,TRUE,Migration,11.3,3
/R&D/DK/Doc11_4/fileloc.pdf,TRUE,Migration,11.4,4
/R&D/CH/Doc12_1/fileloc.pdf,TRUE,Migration,12.1,1
/R&D/CH/Doc12_2/fileloc.pdf,TRUE,Migration,12.2,2
/R&D/CH/Doc12_3/fileloc.pdf,TRUE,Migration,12.3,3
/R&D/CH/Doc12_4/fileloc.pdf,TRUE,Migration,12.4,4
/R&D/UK/Doc13_1/fileloc.pdf,FALSE,Migration,13.1,1
/R&D/UK/Doc13_2/fileloc.pdf,FALSE,Migration,13.2,2
/R&D/UK/Doc13_3/fileloc.pdf,TRUE,Migration,13.3,3
/R&D/UK/Doc13_4/fileloc.pdf,FALSE,Migration,13.4,4
/R&D/ES/Doc14_1/fileloc.pdf,FALSE,Migration,14.1,1
/R&D/ES/Doc14_2/fileloc.pdf,FALSE,Migration,14.2,2
/R&D/ES/Doc14_3/fileloc.pdf,FALSE,Migration,14.3,3
/R&D/ES/Doc14_4/fileloc.pdf,FALSE,Migration,14.4,4
/R&D/DE/Doc15_1/fileloc.pdf,TRUE,Migration,15.1,1
/R&D/DE/Doc15_2/fileloc.pdf,FALSE,Migration,15.2,2
/R&D/DE/Doc15_3/fileloc.pdf,FALSE,Migration,15.3,3
/R&D/DE/Doc15_4/fileloc.pdf,FALSE,Migration,15.4,4
/R&D/DK/Doc16_1/fileloc.pdf,TRUE,Migration,16.1,1
/R&D/DK/Doc16_2/fileloc.pdf,FALSE,Migration,16.2,2
/R&D/DK/Doc16_3/fileloc.pdf,TRUE,Migration,16.3,3
/R&D/DK/Doc16_4/fileloc.pdf,TRUE,Migration,16.4,4
/R&D/CH/Doc17_1/fileloc.pdf,TRUE,Migration,17.1,1
/R&D/CH/Doc17_2/fileloc.pdf,TRUE,Migration,17.2,2
/R&D/CH/Doc17_3/fileloc.pdf,FALSE,Migration,17.3,3
/R&D/CH/Doc17_4/fileloc.pdf,TRUE,Migration,17.4,4
/R&D/UK/Doc18_1/fileloc.pdf,TRUE,Migration,18.1,1
/R&D/UK/Doc18_2/fileloc.pdf,TRUE,Migration,18.2,2
/R&D/UK/Doc18_3/fileloc.pdf,FALSE,Migration,18.3,3
/R&D/UK/Doc18_4/fileloc.pdf,TRUE,Migration,18.4,4
/R&D/ES/Doc19_1/fileloc.pdf,FALSE,Migration,19.1,1
/R&D/ES/Doc19_2/fileloc.pdf,FALSE,Migration,19.2,2
/R&D/ES/Doc19_3/fileloc.pdf,TRUE,Migration,19.3,3
/R&D/ES/Doc19_4/fileloc.pdf,TRUE,Migration,19.4,4
/R&D/DE/Doc20_1/fileloc.pdf,FALSE,Migration,20.1,1
/R&D/DE/Doc20_2/fileloc.pdf,FALSE,Migration,20.2,2
/R&D/DE/Doc20_3/fileloc.pdf,FALSE,Migration,20.3,3
/R&D/DE/Doc20_4/fileloc.pdf,TRUE,Migration,20.4,4
/R&D/DK/Doc21_1/fileloc.pdf,TRUE,Migration,21.1,1
/R&D/DK/Doc21_2/fileloc.pdf,FALSE,Migration,21.2,2
/R&D/DK/Doc21_3/fileloc.pdf,TRUE,Migration,21.3,3
/R&D/DK/Doc21_4/fileloc.pdf,TRUE,Migration,21.4,4
/R&D/CH/Doc22_1/fileloc.pdf,FALSE,Migration,22.1,1
/R&D/CH/Doc22_2/fileloc.pdf,TRUE,Migration,22.2,2
/R&D/CH/Doc22_3/fileloc.pdf,TRUE,Migration,22.3,3
/R&D/CH/Doc22_4/fileloc.pdf,FALSE,Migration,22.4,4
/R&D/UK/Doc23_1/fileloc.pdf,TRUE,Migration,23.1,1
/R&D/UK/Doc23_2/fileloc.pdf,TRUE,Migration,23.2,2
/R&D/UK/Doc23_3/fileloc.pdf,FALSE,Migration,23.3,3
/R&D/UK/Doc23_4/fileloc.pdf,FALSE,Migration,23.4,4
/R&D/ES/Doc24_1/fileloc.pdf,FALSE,Migration,24.1,1
/R&D/ES/Doc24_2/fileloc.pdf,TRUE,Migration,24.2,2
/R&D/ES/Doc24_3/fileloc.pdf,FALSE,Migration,24.3,3
/R&D/ES/Doc24_4/fileloc.pdf,TRUE,Migration,24.4,4
/R&D/DE/Doc25_1/fileloc.pdf,FALSE,Migration,25.1,1
/R&D/DE/Doc25_2/fileloc.pdf,FALSE,Migration,25.2,2
/R&D/DE/Doc25_3/fileloc.pdf,TRUE,Migration,25.3,3
/R&D/DE/Doc25_4/fileloc.pdf,FALSE,Migration,25.4,4
/R&D/DK/Doc26_1/fileloc.pdf,FALSE,Migration,26.1,1
/R&D/DK/Doc26_2/fileloc.pdf,TRUE,Migration,26.2,2
/R&D/DK/Doc26_3/fileloc.pdf,TRUE,Migration,26.3,3
/R&D/DK/Doc26_4/fileloc.pdf,TRUE,Migration,26.4,4
/R&D/CH/Doc27_1/fileloc.pdf,TRUE,Migration,27.1,1
/R&D/CH/Doc27_2/fileloc.pdf,FALSE,Migration,27.2,2
/R&D/CH/Doc27_3/fileloc.pdf,TRUE,Migration,27.3,3
/R&D/CH/Doc27_4/fileloc.pdf,FALSE,Migration,27.4,4
/R&D/UK/Doc28_1/fileloc.pdf,TRUE,Migration,28.1,1
/R&D/UK/Doc28_2/fileloc.pdf,FALSE,Migration,28.2,2
/R&D/UK/Doc28_3/fileloc.pdf,TRUE,Migration,28.3,3
/R&D/UK/Doc28_4/fileloc.pdf,TRUE,Migration,28.4,4
/R&D/ES/Doc29_1/fileloc.pdf,FALSE,Migration,29.1,1
/R&D/ES/Doc29_2/fileloc.pdf,TRUE,Migration,29.2,2
/R&D/ES/Doc29_3/fileloc.pdf,TRUE,Migration,29.3,3
/R&D/ES/Doc29_4/fileloc.pdf,TRUE,Migration,29.4,4
/R&D/DE/Doc30_1/fileloc.pdf,TRUE,Migration,30.1,1
/R&D/DE/Doc30_2/fileloc.pdf,TRUE,Migration,30.2,2
/R&D/DE/Doc30_3/fileloc.pdf,FALSE,Migration,30.3,3
/R&D/DE/Doc30_4/fileloc.pdf,FALSE,Migration,30.4,4
/R&D/DK/Doc31_1/fileloc.pdf,TRUE,Migration,31.1,1
/R&D/DK/Doc31_2/fileloc.pdf,TRUE,Migration,31.2,2
/R&D/DK/Doc31_3/fileloc.pdf,TRUE,Migration,31.3,3
/R&D/DK/Doc31_4/fileloc.pdf,FALSE,Migration,31.4,4
/R&D/CH/Doc32_1/fileloc.pdf,FALSE,Migration,32.1,1
/R&D/CH/Doc32_2/fileloc.pdf,FALSE,Migration,32.2,2
/R&D/CH/Doc32_3/fileloc.pdf,FALSE,Migration,32.3,3
/R&D/CH/Doc32_4/fileloc.pdf,TRUE,Migration,32.4,4
/R&D/UK/Doc33_1/fileloc.pdf,FALSE,Migration,33.1,1
/R&D/UK/Doc33_2/fileloc.pdf,TRUE,Migration,33.2,2
/R&D/UK/Doc33_3/fileloc.pdf,FALSE,Migration,33.3,3
/R&D/UK/Doc33_4/fileloc.pdf,TRUE,Migration,33.4,4
/CE/ES/Doc34_1/fileloc.pdf,FALSE,Migration,34.1,1
/CE/ES/Doc34_2/fileloc.pdf,FALSE,Migration,34.2,2
/CE/ES/Doc34_3/fileloc.pdf,FALSE,Migration,34.3,3
/CE/ES/Doc34_4/fileloc.pdf,TRUE,Migration,34.4,4
/R&D/DE/Doc35_1/fileloc.pdf,TRUE,Migration,35.1,1
/R&D/DE/Doc35_2/fileloc.pdf,TRUE,Migration,35.2,2
/R&D/DE/Doc35_3/fileloc.pdf,TRUE,Migration,35.3,3
/R&D/DE/Doc35_4/fileloc.pdf,TRUE,Migration,35.4,4
/R&D/DK/Doc36_1/fileloc.pdf,TRUE,Migration,36.1,1
/R&D/DK/Doc36_2/fileloc.pdf,TRUE,Migration,36.2,2
/R&D/DK/Doc36_3/fileloc.pdf,FALSE,Migration,36.3,3
/R&D/DK/Doc36_4/fileloc.pdf,FALSE,Migration,36.4,4
/R&D/CH/Doc37_1/fileloc.pdf,TRUE,Migration,37.1,1
/R&D/CH/Doc37_2/fileloc.pdf,FALSE,Migration,37.2,2
/R&D/CH/Doc37_3/fileloc.pdf,FALSE,Migration,37.3,3
/R&D/CH/Doc37_4/fileloc.pdf,TRUE,Migration,37.4,4
/R&D/UK/Doc38_1/fileloc.pdf,TRUE,Migration,38.1,1
/R&D/UK/Doc38_2/fileloc.pdf,TRUE,Migration,38.2,2
/R&D/UK/Doc38_3/fileloc.pdf,TRUE,Migration,38.3,3
/R&D/UK/Doc38_4/fileloc.pdf,FALSE,Migration,38.4,4
/R&D/ES/Doc39_1/fileloc.pdf,TRUE,Migration,39.1,1
/R&D/ES/Doc39_2/fileloc.pdf,FALSE,Migration,39.2,2
/R&D/ES/Doc39_3/fileloc.pdf,TRUE,Migration,39.3,3
/R&D/ES/Doc39_4/fileloc.pdf,FALSE,Migration,39.4,4
/R&D/DE/Doc40_1/fileloc.pdf,FALSE,Migration,40.1,1
/R&D/DE/Doc40_2/fileloc.pdf,FALSE,Migration,40.2,2
/R&D/DE/Doc40_3/fileloc.pdf,TRUE,Migration,40.3,3
/R&D/DE/Doc40_4/fileloc.pdf,FALSE,Migration,40.4,4
/R&D/DK/Doc41_1/fileloc.pdf,FALSE,Migration,41.1,1
/R&D/DK/Doc41_2/fileloc.pdf,FALSE,Migration,41.2,2
/R&D/DK/Doc41_3/fileloc.pdf,TRUE,Migration,41.3,3
/R&D/DK/Doc41_4/fileloc.pdf,TRUE,Migration,41.4,4
/R&D/CH/Doc42_1/fileloc.pdf,FALSE,Migration,42.1,1
/R&D/CH/Doc42_2/fileloc.pdf,FALSE,Migration,42.2,2
/R&D/CH/Doc42_3/fileloc.pdf,TRUE,Migration,42.3,3
/R&D/CH/Doc42_4/fileloc.pdf,FALSE,Migration,42.4,4
/R&D/UK/Doc43_1/fileloc.pdf,TRUE,Migration,43.1,1
/R&D/UK/Doc43_2/fileloc.pdf,TRUE,Migration,43.2,2
/R&D/UK/Doc43_3/fileloc.pdf,TRUE,Migration,43.3,3
/R&D/UK/Doc43_4/fileloc.pdf,TRUE,Migration,43.4,4
/R&D/ES/Doc44_1/fileloc.pdf,TRUE,Migration,44.1,1
/R&D/ES/Doc44_2/fileloc.pdf,TRUE,Migration,44.2,2
/R&D/ES/Doc44_3/fileloc.pdf,TRUE,Migration,44.3,3
/R&D/ES/Doc44_4/fileloc.pdf,TRUE,Migration,44.4,4
/R&D/DE/Doc45_1/fileloc.pdf,FALSE,Migration,45.1,1
/R&D/DE/Doc45_2/fileloc.pdf,FALSE,Migration,45.2,2
/R&D/DE/Doc45_3/fileloc.pdf,TRUE,Migration,45.3,3
/R&D/DE/Doc45_4/fileloc.pdf,TRUE,Migration,45.4,4
/R&D/DK/Doc46_1/fileloc.pdf,TRUE,Migration,46.1,1
/R&D/DK/Doc46_2/fileloc.pdf,TRUE,Migration,46.2,2
/R&D/DK/Doc46_3/fileloc.pdf,TRUE,Migration,46.3,3
/R&D/DK/Doc46_4/fileloc.pdf,FALSE,Migration,46.4,4
/R&D/CH/Doc47_1/fileloc.pdf,FALSE,Migration,47.1,1
/R&D/CH/Doc47_2/fileloc.pdf,FALSE,Migration,47.2,2
/R&D/CH/Doc47_3/fileloc.pdf,TRUE,Migration,47.3,3
/R&D/CH/Doc47_4/fileloc.pdf,FALSE,Migration,47.4,4
/R&D/UK/Doc48_1/fileloc.pdf,TRUE,Migration,48.1,1
/R&D/UK/Doc48_2/fileloc.pdf,FALSE,Migration,48.2,2
/R&D/UK/Doc48_3/fileloc.pdf,FALSE,Migration,48.3,3
/R&D/UK/Doc48_4/fileloc.pdf,TRUE,Migration,48.4,4
/R&D/ES/Doc49_1/fileloc.pdf,TRUE,Migration,49.1,1
/R&D/ES/Doc49_2/fileloc.pdf,FALSE,Migration,49.2,2
/R&D/ES/Doc49_3/fileloc.pdf,TRUE,Migration,49.3,3
/R&D/ES/Doc49_4/fileloc.pdf,FALSE,Migration,49.4,4
/R&D/DE/Doc50_1/fileloc.pdf,FALSE,Migration,50.1,1
/R&D/DE/Doc50_2/fileloc.pdf,FALSE,Migration,50.2,2
/R&D/DE/Doc50_3/fileloc.pdf,TRUE,Migration,50.3,3
/R&D/DE/Doc50_4/fileloc.pdf,TRUE,Migration,50.4,4
/R&D/DK/Doc51_1/fileloc.pdf,FALSE,Migration,51.1,1
/R&D/DK/Doc51_2/fileloc.pdf,TRUE,Migration,51.2,2
/R&D/DK/Doc51_3/fileloc.pdf,TRUE,Migration,51.3,3
/R&D/DK/Doc51_4/fileloc.pdf,FALSE,Migration,51.4,4
/R&D/CH/Doc52_1/fileloc.pdf,TRUE,Migration,52.1,1
/R&D/CH/Doc52_2/fileloc.pdf,FALSE,Migration,52.2,2
/R&D/CH/Doc52_3/fileloc.pdf,TRUE,Migration,52.3,3
/R&D/CH/Doc52_4/fileloc.pdf,FALSE,Migration,52.4,4
/R&D/UK/Doc53_1/fileloc.pdf,FALSE,Migration,53.1,1
/R&D/UK/Doc53_2/fileloc.pdf,FALSE,Migration,53.2,2
/R&D/UK/Doc53_3/fileloc.pdf,FALSE,Migration,53.3,3
/R&D/UK/Doc53_4/fileloc.pdf,TRUE,Migration,53.4,4
/R&D/ES/Doc54_1/fileloc.pdf,FALSE,Migration,54.1,1
/R&D/ES/Doc54_2/fileloc.pdf,TRUE,Migration,54.2,2
/R&D/ES/Doc54_3/fileloc.pdf,TRUE,Migration,54.3,3
/R&D/ES/Doc54_4/fileloc.pdf,TRUE,Migration,54.4,4
/R&D/DE/Doc55_1/fileloc.pdf,FALSE,Migration,55.1,1
/R&D/DE/Doc55_2/fileloc.pdf,FALSE,Migration,55.2,2
/R&D/DE/Doc55_3/fileloc.pdf,TRUE,Migration,55.3,3
/R&D/DE/Doc55_4/fileloc.pdf,TRUE,Migration,55.4,4
/R&D/DK/Doc56_1/fileloc.pdf,FALSE,Migration,56.1,1
/R&D/DK/Doc56_2/fileloc.pdf,TRUE,Migration,56.2,2
/R&D/DK/Doc56_3/fileloc.pdf,FALSE,Migration,56.3,3
/R&D/DK/Doc56_4/fileloc.pdf,FALSE,Migration,56.4,4
/R&D/CH/Doc57_1/fileloc.pdf,TRUE,Migration,57.1,1
/R&D/CH/Doc57_2/fileloc.pdf,TRUE,Migration,57.2,2
/R&D/CH/Doc57_3/fileloc.pdf,TRUE,Migration,57.3,3
/R&D/CH/Doc57_4/fileloc.pdf,FALSE,Migration,57.4,4
/R&D/UK/Doc58_1/fileloc.pdf,FALSE,Migration,58.1,1
/R&D/UK/Doc58_2/fileloc.pdf,FALSE,Migration,58.2,2
/R&D/UK/Doc58_3/fileloc.pdf,FALSE,Migration,58.3,3
/R&D/UK/Doc58_4/fileloc.pdf,TRUE,Migration,58.4,4
/R&D/ES/Doc59_1/fileloc.pdf,FALSE,Migration,59.1,1
/R&D/ES/Doc59_2/fileloc.pdf,FALSE,Migration,59.2,2
/R&D/ES/Doc59_3/fileloc.pdf,TRUE,Migration,59.3,3
/R&D/ES/Doc59_4/fileloc.pdf,FALSE,Migration,59.4,4
/R&D/DE/Doc60_1/fileloc.pdf,FALSE,Migration,60.1,1
/R&D/DE/Doc60_2/fileloc.pdf,TRUE,Migration,60.2,2
/R&D/DE/Doc60_3/fileloc.pdf,FALSE,Migration,60.3,3
/R&D/DE/Doc60_4/fileloc.pdf,FALSE,Migration,60.4,4
/R&D/DK/Doc61_1/fileloc.pdf,FALSE,Migration,61.1,1
/R&D/DK/Doc61_2/fileloc.pdf,FALSE,Migration,61.2,2
/R&D/DK/Doc61_3/fileloc.pdf,TRUE,Migration,61.3,3
/R&D/DK/Doc61_4/fileloc.pdf,FALSE,Migration,61.4,4
/R&D/CH/Doc62_1/fileloc.pdf,TRUE,Migration,62.1,1
/R&D/CH/Doc62_2/fileloc.pdf,FALSE,Migration,62.2,2
/R&D/CH/Doc62_3/fileloc.pdf,FALSE,Migration,62.3,3
/R&D/CH/Doc62_4/fileloc.pdf,TRUE,Migration,62.4,4
/R&D/UK/Doc63_1/fileloc.pdf,TRUE,Migration,63.1,1
/R&D/UK/Doc63_2/fileloc.pdf,TRUE,Migration,63.2,2
/R&D/UK/Doc63_3/fileloc.pdf,TRUE,Migration,63.3,3
/R&D/UK/Doc63_4/fileloc.pdf,TRUE,Migration,63.4,4
/R&D/ES/Doc64_1/fileloc.pdf,FALSE,Migration,64.1,1
/R&D/ES/Doc64_2/fileloc.pdf,FALSE,Migration,64.2,2
/R&D/ES/Doc64_3/fileloc.pdf,FALSE,Migration,64.3,3
/R&D/ES/Doc64_4/fileloc.pdf,TRUE,Migration,64.4,4
/R&D/DE/Doc65_1/fileloc.pdf,TRUE,Migration,65.1,1
/R&D/DE/Doc65_2/fileloc.pdf,TRUE,Migration,65.2,2
/R&D/DE/Doc65_3/fileloc.pdf,FALSE,Migration,65.3,3
/R&D/DE/Doc65_4/fileloc.pdf,TRUE,Migration,65.4,4
/R&D/DK/Doc66_1/fileloc.pdf,TRUE,Migration,66.1,1
/R&D/DK/Doc66_2/fileloc.pdf,TRUE,Migration,66.2,2
/R&D/DK/Doc66_3/fileloc.pdf,FALSE,Migration,66.3,3
/R&D/DK/Doc66_4/fileloc.pdf,TRUE,Migration,66.4,4
/R&D/CH/Doc67_1/fileloc.pdf,FALSE,Migration,67.1,1
/R&D/CH/Doc67_2/fileloc.pdf,TRUE,Migration,67.2,2
/R&D/CH/Doc67_3/fileloc.pdf,FALSE,Migration,67.3,3
/R&D/CH/Doc67_4/fileloc.pdf,TRUE,Migration,67.4,4
/R&D/UK/Doc68_1/fileloc.pdf,TRUE,Migration,68.1,1
/R&D/UK/Doc68_2/fileloc.pdf,FALSE,Migration,68.2,2
/R&D/UK/Doc68_3/fileloc.pdf,TRUE,Migration,68.3,3
/R&D/UK/Doc68_4/fileloc.pdf,FALSE,Migration,68.4,4
/R&D/ES/Doc69_1/fileloc.pdf,TRUE,Migration,69.1,1
/R&D/ES/Doc69_2/fileloc.pdf,TRUE,Migration,69.2,2
/R&D/ES/Doc69_3/fileloc.pdf,FALSE,Migration,69.3,3
/R&D/ES/Doc69_4/fileloc.pdf,FALSE,Migration,69.4,4
/R&D/DE/Doc70_1/fileloc.pdf,TRUE,Migration,70.1,1
/R&D/DE/Doc70_2/fileloc.pdf,TRUE,Migration,70.2,2
/R&D/DE/Doc70_3/fileloc.pdf,TRUE,Migration,70.3,3
/R&D/DE/Doc70_4/fileloc.pdf,TRUE,Migration,70.4,4
/R&D/DK/Doc71_1/fileloc.pdf,TRUE,Migration,71.1,1
/R&D/DK/Doc71_2/fileloc.pdf,TRUE,Migration,71.2,2
/R&D/DK/Doc71_3/fileloc.pdf,TRUE,Migration,71.3,3
/R&D/DK/Doc71_4/fileloc.pdf,TRUE,Migration,71.4,4
/R&D/CH/Doc72_1/fileloc.pdf,FALSE,Migration,72.1,1
/R&D/CH/Doc72_2/fileloc.pdf,TRUE,Migration,72.2,2
/R&D/CH/Doc72_3/fileloc.pdf,FALSE,Migration,72.3,3
/R&D/CH/Doc72_4/fileloc.pdf,FALSE,Migration,72.4,4
/R&D/UK/Doc73_1/fileloc.pdf,TRUE,Migration,73.1,1
/R&D/UK/Doc73_2/fileloc.pdf,TRUE,Migration,73.2,2
/R&D/UK/Doc73_3/fileloc.pdf,FALSE,Migration,73.3,3
/R&D/UK/Doc73_4/fileloc.pdf,FALSE,Migration,73.4,4
/R&D/ES/Doc74_1/fileloc.pdf,TRUE,Migration,74.1,1
/R&D/ES/Doc74_2/fileloc.pdf,TRUE,Migration,74.2,2
/R&D/ES/Doc74_3/fileloc.pdf,FALSE,Migration,74.3,3
/R&D/ES/Doc74_4/fileloc.pdf,FALSE,Migration,74.4,4
/R&D/DE/Doc75_1/fileloc.pdf,TRUE,Migration,75.1,1
/R&D/DE/Doc75_2/fileloc.pdf,FALSE,Migration,75.2,2
/R&D/DE/Doc75_3/fileloc.pdf,FALSE,Migration,75.3,3
/R&D/DE/Doc75_4/fileloc.pdf,TRUE,Migration,75.4,4
/R&D/DK/Doc76_1/fileloc.pdf,TRUE,Migration,76.1,1
/R&D/DK/Doc76_2/fileloc.pdf,TRUE,Migration,76.2,2
/R&D/DK/Doc76_3/fileloc.pdf,TRUE,Migration,76.3,3
/R&D/DK/Doc76_4/fileloc.pdf,FALSE,Migration,76.4,4
/R&D/CH/Doc77_1/fileloc.pdf,FALSE,Migration,77.1,1
/R&D/CH/Doc77_2/fileloc.pdf,FALSE,Migration,77.2,2
/R&D/CH/Doc77_3/fileloc.pdf,FALSE,Migration,77.3,3
/R&D/CH/Doc77_4/fileloc.pdf,FALSE,Migration,77.4,4
/R&D/UK/Doc78_1/fileloc.pdf,FALSE,Migration,78.1,1
/R&D/UK/Doc78_2/fileloc.pdf,FALSE,Migration,78.2,2
/R&D/UK/Doc78_3/fileloc.pdf,FALSE,Migration,78.3,3
/R&D/UK/Doc78_4/fileloc.pdf,TRUE,Migration,78.4,4
/R&D/ES/Doc79_1/fileloc.pdf,TRUE,Migration,79.1,1
/R&D/ES/Doc79_2/fileloc.pdf,FALSE,Migration,79.2,2
/R&D/ES/Doc79_3/fileloc.pdf,TRUE,Migration,79.3,3
/R&D/ES/Doc79_4/fileloc.pdf,TRUE,Migration,79.4,4
/R&D/DE/Doc80_1/fileloc.pdf,TRUE,Migration,80.1,1
/R&D/DE/Doc80_2/fileloc.pdf,FALSE,Migration,80.2,2
/R&D/DE/Doc80_3/fileloc.pdf,TRUE,Migration,80.3,3
/R&D/DE/Doc80_4/fileloc.pdf,FALSE,Migration,80.4,4
/R&D/DK/Doc81_1/fileloc.pdf,TRUE,Migration,81.1,1
/R&D/DK/Doc81_2/fileloc.pdf,TRUE,Migration,81.2,2
/R&D/DK/Doc81_3/fileloc.pdf,FALSE,Migration,81.3,3
/R&D/DK/Doc81_4/fileloc.pdf,FALSE,Migration,81.4,4
/R&D/CH/Doc82_1/fileloc.pdf,FALSE,Migration,82.1,1
/R&D/CH/Doc82_2/fileloc.pdf,TRUE,Migration,82.2,2
/R&D/CH/Doc82_3/fileloc.pdf,FALSE,Migration,82.3,3
/R&D/CH/Doc82_4/fileloc.pdf,FALSE,Migration,82.4,4
/R&D/UK/Doc83_1/fileloc.pdf,TRUE,Migration,83.1,1
/R&D/UK/Doc83_2/fileloc.pdf,TRUE,Migration,83.2,2
/R&D/UK/Doc83_3/fileloc.pdf,FALSE,Migration,83.3,3
/R&D/UK/Doc83_4/fileloc.pdf,FALSE,Migration,83.4,4
/R&D/ES/Doc84_1/fileloc.pdf,FALSE,Migration,84.1,1
/R&D/ES/Doc84_2/fileloc.pdf,FALSE,Migration,84.2,2
/R&D/ES/Doc84_3/fileloc.pdf,TRUE,Migration,84.3,3
/R&D/ES/Doc84_4/fileloc.pdf,FALSE,Migration,84.4,4
/R&D/DE/Doc85_1/fileloc.pdf,TRUE,Migration,85.1,1
/R&D/DE/Doc85_2/fileloc.pdf,FALSE,Migration,85.2,2
/R&D/DE/Doc85_3/fileloc.pdf,TRUE,Migration,85.3,3
/R&D/DE/Doc85_4/fileloc.pdf,FALSE,Migration,85.4,4
/R&D/DK/Doc86_1/fileloc.pdf,TRUE,Migration,86.1,1
/R&D/DK/Doc86_2/fileloc.pdf,FALSE,Migration,86.2,2
/R&D/DK/Doc86_3/fileloc.pdf,TRUE,Migration,86.3,3
/R&D/DK/Doc86_4/fileloc.pdf,TRUE,Migration,86.4,4
/R&D/CH/Doc87_1/fileloc.pdf,FALSE,Migration,87.1,1
/R&D/CH/Doc87_2/fileloc.pdf,FALSE,Migration,87.2,2
/R&D/CH/Doc87_3/fileloc.pdf,TRUE,Migration,87.3,3
/R&D/CH/Doc87_4/fileloc.pdf,TRUE,Migration,87.4,4
/R&D/UK/Doc88_1/fileloc.pdf,TRUE,Migration,88.1,1
/R&D/UK/Doc88_2/fileloc.pdf,FALSE,Migration,88.2,2
/R&D/UK/Doc88_3/fileloc.pdf,TRUE,Migration,88.3,3
/R&D/UK/Doc88_4/fileloc.pdf,FALSE,Migration,88.4,4
/R&D/ES/Doc89_1/fileloc.pdf,FALSE,Migration,89.1,1
/R&D/ES/Doc89_2/fileloc.pdf,TRUE,Migration,89.2,2
/R&D/ES/Doc89_3/fileloc.pdf,TRUE,Migration,89.3,3
/R&D/ES/Doc89_4/fileloc.pdf,FALSE,Migration,89.4,4
/R&D/DE/Doc90_1/fileloc.pdf,TRUE,Migration,90.1,1
/R&D/DE/Doc90_2/fileloc.pdf,FALSE,Migration,90.2,2
/R&D/DE/Doc90_3/fileloc.pdf,FALSE,Migration,90.3,3
/R&D/DE/Doc90_4/fileloc.pdf,TRUE,Migration,90.4,4
/R&D/DK/Doc91_1/fileloc.pdf,TRUE,Migration,91.1,1
/R&D/DK/Doc91_2/fileloc.pdf,FALSE,Migration,91.2,2
/R&D/DK/Doc91_3/fileloc.pdf,FALSE,Migration,91.3,3
/R&D/DK/Doc91_4/fileloc.pdf,TRUE,Migration,91.4,4
/R&D/CH/Doc92_1/fileloc.pdf,TRUE,Migration,92.1,1
/R&D/CH/Doc92_2/fileloc.pdf,TRUE,Migration,92.2,2
/R&D/CH/Doc92_3/fileloc.pdf,TRUE,Migration,92.3,3
/R&D/CH/Doc92_4/fileloc.pdf,FALSE,Migration,92.4,4
/R&D/UK/Doc93_1/fileloc.pdf,TRUE,Migration,93.1,1
/R&D/UK/Doc93_2/fileloc.pdf,FALSE,Migration,93.2,2
/R&D/UK/Doc93_3/fileloc.pdf,FALSE,Migration,93.3,3
/R&D/UK/Doc93_4/fileloc.pdf,FALSE,Migration,93.4,4
/R&D/ES/Doc94_1/fileloc.pdf,TRUE,Migration,94.1,1
/R&D/ES/Doc94_2/fileloc.pdf,TRUE,Migration,94.2,2
/R&D/ES/Doc94_3/fileloc.pdf,TRUE,Migration,94.3,3
/R&D/ES/Doc94_4/fileloc.pdf,FALSE,Migration,94.4,4
/R&D/DE/Doc95_1/fileloc.pdf,FALSE,Migration,95.1,1
/R&D/DE/Doc95_2/fileloc.pdf,FALSE,Migration,95.2,2
/R&D/DE/Doc95_3/fileloc.pdf,FALSE,Migration,95.3,3
/R&D/DE/Doc95_4/fileloc.pdf,TRUE,Migration,95.4,4
/R&D/DK/Doc96_1/fileloc.pdf,TRUE,Migration,96.1,1
/R&D/DK/Doc96_2/fileloc.pdf,FALSE,Migration,96.2,2
/R&D/DK/Doc96_3/fileloc.pdf,TRUE,Migration,96.3,3
/R&D/DK/Doc96_4/fileloc.pdf,TRUE,Migration,96.4,4
/R&D/CH/Doc97_1/fileloc.pdf,FALSE,Migration,97.1,1
/R&D/CH/Doc97_2/fileloc.pdf,TRUE,Migration,97.2,2
/R&D/CH/Doc97_3/fileloc.pdf,FALSE,Migration,97.3,3
/R&D/CH/Doc97_4/fileloc.pdf,TRUE,Migration,97.4,4
/R&D/UK/Doc98_1/fileloc.pdf,FALSE,Migration,98.1,1
/R&D/UK/Doc98_2/fileloc.pdf,TRUE,Migration,98.2,2
/R&D/UK/Doc98_3/fileloc.pdf,TRUE,Migration,98.3,3
/R&D/UK/Doc98_4/fileloc.pdf,TRUE,Migration,98.4,4
/R&D/ES/Doc99_1/fileloc.pdf,TRUE,Migration,99.1,1
/R&D/ES/Doc99_2/fileloc.pdf,FALSE,Migration,99.2,2
/R&D/ES/Doc99_3/fileloc.pdf,FALSE,Migration,99.3,3
/R&D/ES/Doc99_4/fileloc.pdf,FALSE,Migration,99.4,4
/R&D/DE/Doc100_1/fileloc.pdf,TRUE,Migration,100.1,1
/R&D/DE/Doc100_2/fileloc.pdf,FALSE,Migration,100.2,2
/R&D/DE/Doc100_3/fileloc.pdf,FALSE,Migration,100.3,3
/R&D/DE/Doc100_4/fileloc.pdf,TRUE,Migration,100.4,4
/R&D/DK/Doc101_1/fileloc.pdf,TRUE,Migration,101.1,1
/R&D/DK/Doc101_2/fileloc.pdf,FALSE,Migration,101.2,2
/R&D/DK/Doc101_3/fileloc.pdf,FALSE,Migration,101.3,3
/R&D/DK/Doc101_4/fileloc.pdf,FALSE,Migration,101.4,4
/R&D/CH/Doc102_1/fileloc.pdf,FALSE,Migration,102.1,1
/R&D/CH/Doc102_2/fileloc.pdf,FALSE,Migration,102.2,2
/R&D/CH/Doc102_3/fileloc.pdf,FALSE,Migration,102.3,3
/R&D/CH/Doc102_4/fileloc.pdf,FALSE,Migration,102.4,4
/R&D/UK/Doc103_1/fileloc.pdf,TRUE,Migration,103.1,1
/R&D/UK/Doc103_2/fileloc.pdf,TRUE,Migration,103.2,2
/R&D/UK/Doc103_3/fileloc.pdf,FALSE,Migration,103.3,3
/R&D/UK/Doc103_4/fileloc.pdf,FALSE,Migration,103.4,4
/R&D/ES/Doc104_1/fileloc.pdf,FALSE,Migration,104.1,1
/R&D/ES/Doc104_2/fileloc.pdf,TRUE,Migration,104.2,2
/R&D/ES/Doc104_3/fileloc.pdf,FALSE,Migration,104.3,3
/R&D/ES/Doc104_4/fileloc.pdf,TRUE,Migration,104.4,4
/R&D/DE/Doc105_1/fileloc.pdf,FALSE,Migration,105.1,1
/R&D/DE/Doc105_2/fileloc.pdf,TRUE,Migration,105.2,2
/R&D/DE/Doc105_3/fileloc.pdf,FALSE,Migration,105.3,3
/R&D/DE/Doc105_4/fileloc.pdf,TRUE,Migration,105.4,4
/R&D/DK/Doc106_1/fileloc.pdf,TRUE,Migration,106.1,1
/R&D/DK/Doc106_2/fileloc.pdf,FALSE,Migration,106.2,2
/R&D/DK/Doc106_3/fileloc.pdf,TRUE,Migration,106.3,3
/R&D/DK/Doc106_4/fileloc.pdf,FALSE,Migration,106.4,4
/R&D/CH/Doc107_1/fileloc.pdf,TRUE,Migration,107.1,1
/R&D/CH/Doc107_2/fileloc.pdf,TRUE,Migration,107.2,2
/R&D/CH/Doc107_3/fileloc.pdf,TRUE,Migration,107.3,3
/R&D/CH/Doc107_4/fileloc.pdf,TRUE,Migration,107.4,4
/R&D/UK/Doc108_1/fileloc.pdf,TRUE,Migration,108.1,1
/R&D/UK/Doc108_2/fileloc.pdf,FALSE,Migration,108.2,2
/R&D/UK/Doc108_3/fileloc.pdf,FALSE,Migration,108.3,3
/R&D/UK/Doc108_4/fileloc.pdf,FALSE,Migration,108.4,4
/R&D/ES/Doc109_1/fileloc.pdf,FALSE,Migration,109.1,1
/R&D/ES/Doc109_2/fileloc.pdf,FALSE,Migration,109.2,2
/R&D/ES/Doc109_3/fileloc.pdf,FALSE,Migration,109.3,3
/R&D/ES/Doc109_4/fileloc.pdf,FALSE,Migration,109.4,4
/R&D/DE/Doc110_1/fileloc.pdf,TRUE,Migration,110.1,1
/R&D/DE/Doc110_2/fileloc.pdf,FALSE,Migration,110.2,2
/R&D/DE/Doc110_3/fileloc.pdf,FALSE,Migration,110.3,3
/R&D/DE/Doc110_4/fileloc.pdf,FALSE,Migration,110.4,4
/R&D/DK/Doc111_1/fileloc.pdf,FALSE,Migration,111.1,1
/R&D/DK/Doc111_2/fileloc.pdf,FALSE,Migration,111.2,2
/R&D/DK/Doc111_3/fileloc.pdf,FALSE,Migration,111.3,3
/R&D/DK/Doc111_4/fileloc.pdf,TRUE,Migration,111.4,4
/R&D/CH/Doc112_1/fileloc.pdf,TRUE,Migration,112.1,1
/R&D/CH/Doc112_2/fileloc.pdf,TRUE,Migration,112.2,2
/R&D/CH/Doc112_3/fileloc.pdf,FALSE,Migration,112.3,3
/R&D/CH/Doc112_4/fileloc.pdf,FALSE,Migration,112.4,4
/R&D/UK/Doc113_1/fileloc.pdf,TRUE,Migration,113.1,1
/R&D/UK/Doc113_2/fileloc.pdf,TRUE,Migration,113.2,2
/R&D/UK/Doc113_3/fileloc.pdf,FALSE,Migration,113.3,3
/R&D/UK/Doc113_4/fileloc.pdf,TRUE,Migration,113.4,4
/R&D/ES/Doc114_1/fileloc.pdf,TRUE,Migration,114.1,1
/R&D/ES/Doc114_2/fileloc.pdf,TRUE,Migration,114.2,2
/R&D/ES/Doc114_3/fileloc.pdf,TRUE,Migration,114.3,3
/R&D/ES/Doc114_4/fileloc.pdf,TRUE,Migration,114.4,4
/R&D/DE/Doc115_1/fileloc.pdf,TRUE,Migration,115.1,1
/R&D/DE/Doc115_2/fileloc.pdf,FALSE,Migration,115.2,2
/R&D/DE/Doc115_3/fileloc.pdf,FALSE,Migration,115.3,3
/R&D/DE/Doc115_4/fileloc.pdf,FALSE,Migration,115.4,4
/R&D/DK/Doc116_1/fileloc.pdf,FALSE,Migration,116.1,1
/R&D/DK/Doc116_2/fileloc.pdf,TRUE,Migration,116.2,2
/R&D/DK/Doc116_3/fileloc.pdf,FALSE,Migration,116.3,3
/R&D/DK/Doc116_4/fileloc.pdf,TRUE,Migration,116.4,4
/R&D/CH/Doc117_1/fileloc.pdf,FALSE,Migration,117.1,1
/R&D/CH/Doc117_2/fileloc.pdf,FALSE,Migration,117.2,2
/R&D/CH/Doc117_3/fileloc.pdf,FALSE,Migration,117.3,3
/R&D/CH/Doc117_4/fileloc.pdf,FALSE,Migration,117.4,4
/R&D/UK/Doc118_1/fileloc.pdf,FALSE,Migration,118.1,1
/R&D/UK/Doc118_2/fileloc.pdf,FALSE,Migration,118.2,2
/R&D/UK/Doc118_3/fileloc.pdf,TRUE,Migration,118.3,3
/R&D/UK/Doc118_4/fileloc.pdf,TRUE,Migration,118.4,4
/R&D/ES/Doc119_1/fileloc.pdf,FALSE,Migration,119.1,1
/R&D/ES/Doc119_2/fileloc.pdf,TRUE,Migration,119.2,2
/R&D/ES/Doc119_3/fileloc.pdf,TRUE,Migration,119.3,3
/R&D/ES/Doc119_4/fileloc.pdf,TRUE,Migration,119.4,4
/R&D/DE/Doc120_1/fileloc.pdf,TRUE,Migration,120.1,1
/R&D/DE/Doc120_2/fileloc.pdf,FALSE,Migration,120.2,2
/R&D/DE/Doc120_3/fileloc.pdf,FALSE,Migration,120.3,3
/R&D/DE/Doc120_4/fileloc.pdf,TRUE,Migration,120.4,4
/R&D/DK/Doc121_1/fileloc.pdf,TRUE,Migration,121.1,1
/R&D/DK/Doc121_2/fileloc.pdf,FALSE,Migration,121.2,2
/R&D/DK/Doc121_3/fileloc.pdf,TRUE,Migration,121.3,3
/R&D/DK/Doc121_4/fileloc.pdf,FALSE,Migration,121.4,4
/R&D/CH/Doc122_1/fileloc.pdf,TRUE,Migration,122.1,1
/R&D/CH/Doc122_2/fileloc.pdf,FALSE,Migration,122.2,2
/R&D/CH/Doc122_3/fileloc.pdf,TRUE,Migration,122.3,3
/R&D/CH/Doc122_4/fileloc.pdf,FALSE,Migration,122.4,4
/R&D/UK/Doc123_1/fileloc.pdf,FALSE,Migration,123.1,1
/R&D/UK/Doc123_2/fileloc.pdf,FALSE,Migration,123.2,2
/R&D/UK/Doc123_3/fileloc.pdf,TRUE,Migration,123.3,3
/R&D/UK/Doc123_4/fileloc.pdf,TRUE,Migration,123.4,4
/R&D/ES/Doc124_1/fileloc.pdf,FALSE,Migration,124.1,1
/R&D/ES/Doc124_2/fileloc.pdf,FALSE,Migration,124.2,2
/R&D/ES/Doc124_3/fileloc.pdf,FALSE,Migration,124.3,3
/R&D/ES/Doc124_4/fileloc.pdf,TRUE,Migration,124.4,4
/R&D/DE/Doc125_1/fileloc.pdf,TRUE,Migration,125.1,1
/R&D/DE/Doc125_2/fileloc.pdf,TRUE,Migration,125.2,2
/R&D/DE/Doc125_3/fileloc.pdf,TRUE,Migration,125.3,3
/R&D/DE/Doc125_4/fileloc.pdf,TRUE,Migration,125.4,4
/CE/DK/Doc126_1/fileloc.pdf,TRUE,Migration,126.1,1
/CE/DK/Doc126_2/fileloc.pdf,TRUE,Migration,126.2,2
/CE/DK/Doc126_3/fileloc.pdf,FALSE,Migration,126.3,3
/CE/DK/Doc126_4/fileloc.pdf,FALSE,Migration,126.4,4
/CE/CH/Doc127_1/fileloc.pdf,FALSE,Migration,127.1,1
/CE/CH/Doc127_2/fileloc.pdf,TRUE,Migration,127.2,2
/CE/CH/Doc127_3/fileloc.pdf,FALSE,Migration,127.3,3
/CE/CH/Doc127_4/fileloc.pdf,TRUE,Migration,127.4,4
/CE/UK/Doc128_1/fileloc.pdf,TRUE,Migration,128.1,1
/CE/UK/Doc128_2/fileloc.pdf,TRUE,Migration,128.2,2
/CE/UK/Doc128_3/fileloc.pdf,FALSE,Migration,128.3,3
/CE/UK/Doc128_4/fileloc.pdf,TRUE,Migration,128.4,4
/CE/ES/Doc129_1/fileloc.pdf,FALSE,Migration,129.1,1
/CE/ES/Doc129_2/fileloc.pdf,FALSE,Migration,129.2,2
/CE/ES/Doc129_3/fileloc.pdf,FALSE,Migration,129.3,3
/CE/ES/Doc129_4/fileloc.pdf,FALSE,Migration,129.4,4
/CE/DE/Doc130_1/fileloc.pdf,TRUE,Migration,130.1,1
/CE/DE/Doc130_2/fileloc.pdf,TRUE,Migration,130.2,2
/CE/DE/Doc130_3/fileloc.pdf,FALSE,Migration,130.3,3
/CE/DE/Doc130_4/fileloc.pdf,FALSE,Migration,130.4,4
/CE/DK/Doc131_1/fileloc.pdf,TRUE,Migration,131.1,1
/CE/DK/Doc131_2/fileloc.pdf,FALSE,Migration,131.2,2
/CE/DK/Doc131_3/fileloc.pdf,TRUE,Migration,131.3,3
/CE/DK/Doc131_4/fileloc.pdf,FALSE,Migration,131.4,4
/CE/CH/Doc132_1/fileloc.pdf,FALSE,Migration,132.1,1
/CE/CH/Doc132_2/fileloc.pdf,FALSE,Migration,132.2,2
/CE/CH/Doc132_3/fileloc.pdf,FALSE,Migration,132.3,3
/CE/CH/Doc132_4/fileloc.pdf,TRUE,Migration,132.4,4
/CE/UK/Doc133_1/fileloc.pdf,FALSE,Migration,133.1,1
/CE/UK/Doc133_2/fileloc.pdf,FALSE,Migration,133.2,2
/CE/UK/Doc133_3/fileloc.pdf,TRUE,Migration,133.3,3
/CE/UK/Doc133_4/fileloc.pdf,FALSE,Migration,133.4,4
/CE/ES/Doc134_1/fileloc.pdf,FALSE,Migration,134.1,1
/CE/ES/Doc134_2/fileloc.pdf,FALSE,Migration,134.2,2
/CE/ES/Doc134_3/fileloc.pdf,FALSE,Migration,134.3,3
/CE/ES/Doc134_4/fileloc.pdf,TRUE,Migration,134.4,4
/CE/DE/Doc135_1/fileloc.pdf,FALSE,Migration,135.1,1
/CE/DE/Doc135_2/fileloc.pdf,FALSE,Migration,135.2,2
/CE/DE/Doc135_3/fileloc.pdf,FALSE,Migration,135.3,3
/CE/DE/Doc135_4/fileloc.pdf,FALSE,Migration,135.4,4
/CE/DK/Doc136_1/fileloc.pdf,TRUE,Migration,136.1,1
/CE/DK/Doc136_2/fileloc.pdf,TRUE,Migration,136.2,2
/CE/DK/Doc136_3/fileloc.pdf,FALSE,Migration,136.3,3
/CE/DK/Doc136_4/fileloc.pdf,FALSE,Migration,136.4,4
/CE/CH/Doc137_1/fileloc.pdf,TRUE,Migration,137.1,1
/CE/CH/Doc137_2/fileloc.pdf,FALSE,Migration,137.2,2
/CE/CH/Doc137_3/fileloc.pdf,FALSE,Migration,137.3,3
/CE/CH/Doc137_4/fileloc.pdf,FALSE,Migration,137.4,4
/CE/UK/Doc138_1/fileloc.pdf,FALSE,Migration,138.1,1
/CE/UK/Doc138_2/fileloc.pdf,FALSE,Migration,138.2,2
/CE/UK/Doc138_3/fileloc.pdf,TRUE,Migration,138.3,3
/CE/UK/Doc138_4/fileloc.pdf,FALSE,Migration,138.4,4
/CE/ES/Doc139_1/fileloc.pdf,FALSE,Migration,139.1,1
/CE/ES/Doc139_2/fileloc.pdf,TRUE,Migration,139.2,2
/CE/ES/Doc139_3/fileloc.pdf,FALSE,Migration,139.3,3
/CE/ES/Doc139_4/fileloc.pdf,FALSE,Migration,139.4,4
/CE/DE/Doc140_1/fileloc.pdf,TRUE,Migration,140.1,1
/CE/DE/Doc140_2/fileloc.pdf,TRUE,Migration,140.2,2
/CE/DE/Doc140_3/fileloc.pdf,FALSE,Migration,140.3,3
/CE/DE/Doc140_4/fileloc.pdf,FALSE,Migration,140.4,4
/CE/DK/Doc141_1/fileloc.pdf,FALSE,Migration,141.1,1
/CE/DK/Doc141_2/fileloc.pdf,FALSE,Migration,141.2,2
/CE/DK/Doc141_3/fileloc.pdf,FALSE,Migration,141.3,3
/CE/DK/Doc141_4/fileloc.pdf,TRUE,Migration,141.4,4
/CE/CH/Doc142_1/fileloc.pdf,TRUE,Migration,142.1,1
/CE/CH/Doc142_2/fileloc.pdf,FALSE,Migration,142.2,2
/CE/CH/Doc142_3/fileloc.pdf,TRUE,Migration,142.3,3
/CE/CH/Doc142_4/fileloc.pdf,TRUE,Migration,142.4,4
/CE/UK/Doc143_1/fileloc.pdf,TRUE,Migration,143.1,1
/CE/UK/Doc143_2/fileloc.pdf,TRUE,Migration,143.2,2
/CE/UK/Doc143_3/fileloc.pdf,FALSE,Migration,143.3,3
/CE/UK/Doc143_4/fileloc.pdf,TRUE,Migration,143.4,4
/CE/ES/Doc144_1/fileloc.pdf,FALSE,Migration,144.1,1
/CE/ES/Doc144_2/fileloc.pdf,FALSE,Migration,144.2,2
/CE/ES/Doc144_3/fileloc.pdf,TRUE,Migration,144.3,3
/CE/ES/Doc144_4/fileloc.pdf,TRUE,Migration,144.4,4
/CE/DE/Doc145_1/fileloc.pdf,FALSE,Migration,145.1,1
/CE/DE/Doc145_2/fileloc.pdf,FALSE,Migration,145.2,2
/CE/DE/Doc145_3/fileloc.pdf,TRUE,Migration,145.3,3
/CE/DE/Doc145_4/fileloc.pdf,FALSE,Migration,145.4,4
/CE/DK/Doc146_1/fileloc.pdf,TRUE,Migration,146.1,1
/CE/DK/Doc146_2/fileloc.pdf,FALSE,Migration,146.2,2
/CE/DK/Doc146_3/fileloc.pdf,TRUE,Migration,146.3,3
/CE/DK/Doc146_4/fileloc.pdf,TRUE,Migration,146.4,4
/CE/CH/Doc147_1/fileloc.pdf,FALSE,Migration,147.1,1
/CE/CH/Doc147_2/fileloc.pdf,TRUE,Migration,147.2,2
/CE/CH/Doc147_3/fileloc.pdf,TRUE,Migration,147.3,3
/CE/CH/Doc147_4/fileloc.pdf,TRUE,Migration,147.4,4
/CE/UK/Doc148_1/fileloc.pdf,FALSE,Migration,148.1,1
/CE/UK/Doc148_2/fileloc.pdf,TRUE,Migration,148.2,2
/CE/UK/Doc148_3/fileloc.pdf,FALSE,Migration,148.3,3
/CE/UK/Doc148_4/fileloc.pdf,TRUE,Migration,148.4,4
/CE/ES/Doc149_1/fileloc.pdf,TRUE,Migration,149.1,1
/CE/ES/Doc149_2/fileloc.pdf,TRUE,Migration,149.2,2
/CE/ES/Doc149_3/fileloc.pdf,TRUE,Migration,149.3,3
/CE/ES/Doc149_4/fileloc.pdf,FALSE,Migration,149.4,4
/CE/DE/Doc150_1/fileloc.pdf,TRUE,Migration,150.1,1
/CE/DE/Doc150_2/fileloc.pdf,FALSE,Migration,150.2,2
/CE/DE/Doc150_3/fileloc.pdf,TRUE,Migration,150.3,3
/CE/DE/Doc150_4/fileloc.pdf,FALSE,Migration,150.4,4
/CE/DK/Doc151_1/fileloc.pdf,TRUE,Migration,151.1,1
/CE/DK/Doc151_2/fileloc.pdf,FALSE,Migration,151.2,2
/CE/DK/Doc151_3/fileloc.pdf,FALSE,Migration,151.3,3
/CE/DK/Doc151_4/fileloc.pdf,FALSE,Migration,151.4,4
/CE/CH/Doc152_1/fileloc.pdf,TRUE,Migration,152.1,1
/CE/CH/Doc152_2/fileloc.pdf,TRUE,Migration,152.2,2
/CE/CH/Doc152_3/fileloc.pdf,FALSE,Migration,152.3,3
/CE/CH/Doc152_4/fileloc.pdf,FALSE,Migration,152.4,4
/CE/UK/Doc153_1/fileloc.pdf,FALSE,Migration,153.1,1
/CE/UK/Doc153_2/fileloc.pdf,FALSE,Migration,153.2,2
/CE/UK/Doc153_3/fileloc.pdf,FALSE,Migration,153.3,3
/CE/UK/Doc153_4/fileloc.pdf,TRUE,Migration,153.4,4
/CE/ES/Doc154_1/fileloc.pdf,FALSE,Migration,154.1,1
/CE/ES/Doc154_2/fileloc.pdf,TRUE,Migration,154.2,2
/CE/ES/Doc154_3/fileloc.pdf,TRUE,Migration,154.3,3
/CE/ES/Doc154_4/fileloc.pdf,TRUE,Migration,154.4,4
/CE/DE/Doc155_1/fileloc.pdf,TRUE,Migration,155.1,1
/CE/DE/Doc155_2/fileloc.pdf,TRUE,Migration,155.2,2
/CE/DE/Doc155_3/fileloc.pdf,TRUE,Migration,155.3,3
/CE/DE/Doc155_4/fileloc.pdf,FALSE,Migration,155.4,4
/CE/DK/Doc156_1/fileloc.pdf,FALSE,Migration,156.1,1
/CE/DK/Doc156_2/fileloc.pdf,TRUE,Migration,156.2,2
/CE/DK/Doc156_3/fileloc.pdf,FALSE,Migration,156.3,3
/CE/DK/Doc156_4/fileloc.pdf,TRUE,Migration,156.4,4
/CE/CH/Doc157_1/fileloc.pdf,TRUE,Migration,157.1,1
/CE/CH/Doc157_2/fileloc.pdf,FALSE,Migration,157.2,2
/CE/CH/Doc157_3/fileloc.pdf,TRUE,Migration,157.3,3
/CE/CH/Doc157_4/fileloc.pdf,TRUE,Migration,157.4,4
/CE/UK/Doc158_1/fileloc.pdf,FALSE,Migration,158.1,1
/CE/UK/Doc158_2/fileloc.pdf,FALSE,Migration,158.2,2
/CE/UK/Doc158_3/fileloc.pdf,TRUE,Migration,158.3,3
/CE/UK/Doc158_4/fileloc.pdf,TRUE,Migration,158.4,4
/CE/ES/Doc159_1/fileloc.pdf,TRUE,Migration,159.1,1
/CE/ES/Doc159_2/fileloc.pdf,TRUE,Migration,159.2,2
/CE/ES/Doc159_3/fileloc.pdf,TRUE,Migration,159.3,3
/CE/ES/Doc159_4/fileloc.pdf,TRUE,Migration,159.4,4
/CE/DE/Doc160_1/fileloc.pdf,TRUE,Migration,160.1,1
/CE/DE/Doc160_2/fileloc.pdf,TRUE,Migration,160.2,2
/CE/DE/Doc160_3/fileloc.pdf,TRUE,Migration,160.3,3
/CE/DE/Doc160_4/fileloc.pdf,FALSE,Migration,160.4,4
/CE/DK/Doc161_1/fileloc.pdf,FALSE,Migration,161.1,1
/CE/DK/Doc161_2/fileloc.pdf,FALSE,Migration,161.2,2
/CE/DK/Doc161_3/fileloc.pdf,FALSE,Migration,161.3,3
/CE/DK/Doc161_4/fileloc.pdf,TRUE,Migration,161.4,4
/CE/CH/Doc162_1/fileloc.pdf,TRUE,Migration,162.1,1
/CE/CH/Doc162_2/fileloc.pdf,TRUE,Migration,162.2,2
/CE/CH/Doc162_3/fileloc.pdf,TRUE,Migration,162.3,3
/CE/CH/Doc162_4/fileloc.pdf,TRUE,Migration,162.4,4
/CE/UK/Doc163_1/fileloc.pdf,FALSE,Migration,163.1,1
/CE/UK/Doc163_2/fileloc.pdf,TRUE,Migration,163.2,2
/CE/UK/Doc163_3/fileloc.pdf,TRUE,Migration,163.3,3
/CE/UK/Doc163_4/fileloc.pdf,TRUE,Migration,163.4,4
/CE/ES/Doc164_1/fileloc.pdf,FALSE,Migration,164.1,1
/CE/ES/Doc164_2/fileloc.pdf,TRUE,Migration,164.2,2
/CE/ES/Doc164_3/fileloc.pdf,FALSE,Migration,164.3,3
/CE/ES/Doc164_4/fileloc.pdf,TRUE,Migration,164.4,4
/CE/DE/Doc165_1/fileloc.pdf,TRUE,Migration,165.1,1
/CE/DE/Doc165_2/fileloc.pdf,TRUE,Migration,165.2,2
/CE/DE/Doc165_3/fileloc.pdf,TRUE,Migration,165.3,3
/CE/DE/Doc165_4/fileloc.pdf,TRUE,Migration,165.4,4
/CE/DK/Doc166_1/fileloc.pdf,TRUE,Migration,166.1,1
/CE/DK/Doc166_2/fileloc.pdf,FALSE,Migration,166.2,2
/CE/DK/Doc166_3/fileloc.pdf,TRUE,Migration,166.3,3
/CE/DK/Doc166_4/fileloc.pdf,TRUE,Migration,166.4,4
/CE/CH/Doc167_1/fileloc.pdf,TRUE,Migration,167.1,1
/CE/CH/Doc167_2/fileloc.pdf,TRUE,Migration,167.2,2
/CE/CH/Doc167_3/fileloc.pdf,FALSE,Migration,167.3,3
/CE/CH/Doc167_4/fileloc.pdf,TRUE,Migration,167.4,4
/CE/UK/Doc168_1/fileloc.pdf,FALSE,Migration,168.1,1
/CE/UK/Doc168_2/fileloc.pdf,FALSE,Migration,168.2,2
/CE/UK/Doc168_3/fileloc.pdf,FALSE,Migration,168.3,3
/CE/UK/Doc168_4/fileloc.pdf,FALSE,Migration,168.4,4
/CE/ES/Doc169_1/fileloc.pdf,FALSE,Migration,169.1,1
/CE/ES/Doc169_2/fileloc.pdf,TRUE,Migration,169.2,2
/CE/ES/Doc169_3/fileloc.pdf,FALSE,Migration,169.3,3
/CE/ES/Doc169_4/fileloc.pdf,FALSE,Migration,169.4,4
/CE/DE/Doc170_1/fileloc.pdf,FALSE,Migration,170.1,1
/CE/DE/Doc170_2/fileloc.pdf,TRUE,Migration,170.2,2
/CE/DE/Doc170_3/fileloc.pdf,TRUE,Migration,170.3,3
/CE/DE/Doc170_4/fileloc.pdf,TRUE,Migration,170.4,4
/CE/DK/Doc171_1/fileloc.pdf,FALSE,Migration,171.1,1
/CE/DK/Doc171_2/fileloc.pdf,TRUE,Migration,171.2,2
/CE/DK/Doc171_3/fileloc.pdf,FALSE,Migration,171.3,3
/CE/DK/Doc171_4/fileloc.pdf,FALSE,Migration,171.4,4
/CE/CH/Doc172_1/fileloc.pdf,TRUE,Migration,172.1,1
/CE/CH/Doc172_2/fileloc.pdf,TRUE,Migration,172.2,2
/CE/CH/Doc172_3/fileloc.pdf,FALSE,Migration,172.3,3
/CE/CH/Doc172_4/fileloc.pdf,TRUE,Migration,172.4,4
/CE/UK/Doc173_1/fileloc.pdf,TRUE,Migration,173.1,1
/CE/UK/Doc173_2/fileloc.pdf,TRUE,Migration,173.2,2
/CE/UK/Doc173_3/fileloc.pdf,FALSE,Migration,173.3,3
/CE/UK/Doc173_4/fileloc.pdf,FALSE,Migration,173.4,4
/CE/ES/Doc174_1/fileloc.pdf,FALSE,Migration,174.1,1
/CE/ES/Doc174_2/fileloc.pdf,FALSE,Migration,174.2,2
/CE/ES/Doc174_3/fileloc.pdf,FALSE,Migration,174.3,3
/CE/ES/Doc174_4/fileloc.pdf,TRUE,Migration,174.4,4
/CE/DE/Doc175_1/fileloc.pdf,FALSE,Migration,175.1,1
/CE/DE/Doc175_2/fileloc.pdf,TRUE,Migration,175.2,2
,TRUE,Migration,175.3,3
/CE/DE/Doc175_4/fileloc.pdf,TRUE,Migration,175.4,4
/CE/DK/Doc176_1/fileloc.pdf,FALSE,Migration,176.1,1
/CE/DK/Doc176_2/fileloc.pdf,FALSE,Migration,176.2,2
/CE/DK/Doc176_3/fileloc.pdf,TRUE,Migration,176.3,3
/CE/DK/Doc176_4/fileloc.pdf,TRUE,Migration,176.4,4
/CE/CH/Doc177_1/fileloc.pdf,TRUE,Migration,177.1,1
/CE/CH/Doc177_2/fileloc.pdf,TRUE,Migration,177.2,2
/CE/CH/Doc177_3/fileloc.pdf,FALSE,Migration,177.3,3
/CE/CH/Doc177_4/fileloc.pdf,FALSE,Migration,177.4,4
/CE/UK/Doc178_1/fileloc.pdf,FALSE,Migration,178.1,1
/CE/UK/Doc178_2/fileloc.pdf,FALSE,Migration,178.2,2
/CE/UK/Doc178_3/fileloc.pdf,TRUE,Migration,178.3,3
/CE/UK/Doc178_4/fileloc.pdf,TRUE,Migration,178.4,4
/CE/ES/Doc179_1/fileloc.pdf,TRUE,Migration,179.1,1
/CE/ES/Doc179_2/fileloc.pdf,TRUE,Migration,179.2,2
/CE/ES/Doc179_3/fileloc.pdf,FALSE,Migration,179.3,3
/CE/ES/Doc179_4/fileloc.pdf,FALSE,Migration,179.4,4
/CE/DE/Doc180_1/fileloc.pdf,TRUE,Migration,180.1,1
/CE/DE/Doc180_2/fileloc.pdf,TRUE,Migration,180.2,2
/CE/DE/Doc180_3/fileloc.pdf,TRUE,Migration,180.3,3
/CE/DE/Doc180_4/fileloc.pdf,FALSE,Migration,180.4,4
/CE/DK/Doc181_1/fileloc.pdf,TRUE,Migration,181.1,1
/CE/DK/Doc181_2/fileloc.pdf,TRUE,Migration,181.2,2
/CE/DK/Doc181_3/fileloc.pdf,TRUE,Migration,181.3,3
/CE/DK/Doc181_4/fileloc.pdf,TRUE,Migration,181.4,4
/CE/CH/Doc182_1/fileloc.pdf,FALSE,Migration,182.1,1
/CE/CH/Doc182_2/fileloc.pdf,TRUE,Migration,182.2,2
/CE/CH/Doc182_3/fileloc.pdf,FALSE,Migration,182.3,3
/CE/CH/Doc182_4/fileloc.pdf,TRUE,Migration,182.4,4
/CE/UK/Doc183_1/fileloc.pdf,FALSE,Migration,183.1,1
/CE/UK/Doc183_2/fileloc.pdf,FALSE,Migration,183.2,2
/CE/UK/Doc183_3/fileloc.pdf,FALSE,Migration,183.3,3
/CE/UK/Doc183_4/fileloc.pdf,FALSE,Migration,183.4,4
/CE/ES/Doc184_1/fileloc.pdf,TRUE,Migration,184.1,1
/CE/ES/Doc184_2/fileloc.pdf,TRUE,Migration,184.2,2
/CE/ES/Doc184_3/fileloc.pdf,FALSE,Migration,184.3,3
/CE/ES/Doc184_4/fileloc.pdf,TRUE,Migration,184.4,4
/CE/DE/Doc185_1/fileloc.pdf,TRUE,Migration,185.1,1
/CE/DE/Doc185_2/fileloc.pdf,TRUE,Migration,185.2,2
/CE/DE/Doc185_3/fileloc.pdf,TRUE,Migration,185.3,3
/CE/DE/Doc185_4/fileloc.pdf,FALSE,Migration,185.4,4
/CE/DK/Doc186_1/fileloc.pdf,TRUE,Migration,186.1,1
/CE/DK/Doc186_2/fileloc.pdf,FALSE,Migration,186.2,2
/CE/DK/Doc186_3/fileloc.pdf,TRUE,Migration,186.3,3
/CE/DK/Doc186_4/fileloc.pdf,FALSE,Migration,186.4,4
/CE/CH/Doc187_1/fileloc.pdf,FALSE,Migration,187.1,1
/CE/CH/Doc187_2/fileloc.pdf,FALSE,Migration,187.2,2
/CE/CH/Doc187_3/fileloc.pdf,TRUE,Migration,187.3,3
/CE/CH/Doc187_4/fileloc.pdf,TRUE,Migration,187.4,4
/CE/UK/Doc188_1/fileloc.pdf,TRUE,Migration,188.1,1
/CE/UK/Doc188_2/fileloc.pdf,FALSE,Migration,188.2,2
/CE/UK/Doc188_3/fileloc.pdf,FALSE,Migration,188.3,3
/CE/UK/Doc188_4/fileloc.pdf,TRUE,Migration,188.4,4
/CE/ES/Doc189_1/fileloc.pdf,TRUE,Migration,189.1,1
/CE/ES/Doc189_2/fileloc.pdf,FALSE,Migration,189.2,2
/CE/ES/Doc189_3/fileloc.pdf,FALSE,Migration,189.3,3
/CE/ES/Doc189_4/fileloc.pdf,FALSE,Migration,189.4,4
/CE/DE/Doc190_1/fileloc.pdf,TRUE,Migration,190.1,1
/CE/DE/Doc190_2/fileloc.pdf,TRUE,Migration,190.2,2
/CE/DE/Doc190_3/fileloc.pdf,FALSE,Migration,190.3,3
/CE/DE/Doc190_4/fileloc.pdf,FALSE,Migration,190.4,4
/CE/DK/Doc191_1/fileloc.pdf,FALSE,Migration,191.1,1
/CE/DK/Doc191_2/fileloc.pdf,FALSE,Migration,191.2,2
/CE/DK/Doc191_3/fileloc.pdf,TRUE,Migration,191.3,3
/CE/DK/Doc191_4/fileloc.pdf,FALSE,Migration,191.4,4
/CE/CH/Doc192_1/fileloc.pdf,FALSE,Migration,192.1,1
/CE/CH/Doc192_2/fileloc.pdf,TRUE,Migration,192.2,2
/CE/CH/Doc192_3/fileloc.pdf,FALSE,Migration,192.3,3
/CE/CH/Doc192_4/fileloc.pdf,FALSE,Migration,192.4,4
/CE/UK/Doc193_1/fileloc.pdf,FALSE,Migration,193.1,1
/CE/UK/Doc193_2/fileloc.pdf,FALSE,Migration,193.2,2
/CE/UK/Doc193_3/fileloc.pdf,FALSE,Migration,193.3,3
/CE/UK/Doc193_4/fileloc.pdf,FALSE,Migration,193.4,4
/CE/ES/Doc194_1/fileloc.pdf,TRUE,Migration,194.1,1
/CE/ES/Doc194_2/fileloc.pdf,TRUE,Migration,194.2,2
/CE/ES/Doc194_3/fileloc.pdf,FALSE,Migration,194.3,3
/CE/ES/Doc194_4/fileloc.pdf,FALSE,Migration,194.4,4
/CE/DE/Doc195_1/fileloc.pdf,FALSE,Migration,195.1,1
/CE/DE/Doc195_2/fileloc.pdf,FALSE,Migration,195.2,2
/CE/DE/Doc195_3/fileloc.pdf,FALSE,Migration,195.3,3
/CE/DE/Doc195_4/fileloc.pdf,TRUE,Migration,195.4,4
/CE/DK/Doc196_1/fileloc.pdf,FALSE,Migration,196.1,1
/CE/DK/Doc196_2/fileloc.pdf,TRUE,Migration,196.2,2
/CE/DK/Doc196_3/fileloc.pdf,TRUE,Migration,196.3,3
/CE/DK/Doc196_4/fileloc.pdf,TRUE,Migration,196.4,4
/CE/CH/Doc197_1/fileloc.pdf,FALSE,Migration,197.1,1
/CE/CH/Doc197_2/fileloc.pdf,FALSE,Migration,197.2,2
/CE/CH/Doc197_3/fileloc.pdf,TRUE,Migration,197.3,3
/CE/CH/Doc197_4/fileloc.pdf,TRUE,Migration,197.4,4
/CE/UK/Doc198_1/fileloc.pdf,FALSE,Migration,198.1,1
/CE/UK/Doc198_2/fileloc.pdf,TRUE,Migration,198.2,2
/CE/UK/Doc198_3/fileloc.pdf,FALSE,Migration,198.3,3
/CE/UK/Doc198_4/fileloc.pdf,TRUE,Migration,198.4,4
/CE/ES/Doc199_1/fileloc.pdf,FALSE,Migration,199.1,1
/CE/ES/Doc199_2/fileloc.pdf,TRUE,Migration,199.2,2
/CE/ES/Doc199_3/fileloc.pdf,TRUE,Migration,199.3,3
/CE/ES/Doc199_4/fileloc.pdf,FALSE,Migration,199.4,4
/CE/DE/Doc200_1/fileloc.pdf,TRUE,Migration,200.1,1
/CE/DE/Doc200_2/fileloc.pdf,TRUE,Migration,200.2,2
/CE/DE/Doc200_3/fileloc.pdf,TRUE,Migration,200.3,3
/CE/DE/Doc200_4/fileloc.pdf,FALSE,Migration,200.4,4
/CE/DK/Doc201_1/fileloc.pdf,TRUE,Migration,201.1,1
/CE/DK/Doc201_2/fileloc.pdf,TRUE,Migration,201.2,2
/CE/DK/Doc201_3/fileloc.pdf,TRUE,Migration,201.3,3
/CE/DK/Doc201_4/fileloc.pdf,TRUE,Migration,201.4,4
,FALSE,Migration,202.1,1
/CE/CH/Doc202_2/fileloc.pdf,TRUE,Migration,202.2,2
/CE/CH/Doc202_3/fileloc.pdf,FALSE,Migration,202.3,3
/CE/CH/Doc202_4/fileloc.pdf,TRUE,Migration,202.4,4
/CE/UK/Doc203_1/fileloc.pdf,TRUE,Migration,203.1,1
/CE/UK/Doc203_2/fileloc.pdf,TRUE,Migration,203.2,2
/CE/UK/Doc203_3/fileloc.pdf,TRUE,Migration,203.3,3
/CE/UK/Doc203_4/fileloc.pdf,FALSE,Migration,203.4,4
/CE/ES/Doc204_1/fileloc.pdf,FALSE,Migration,204.1,1
/CE/ES/Doc204_2/fileloc.pdf,FALSE,Migration,204.2,2
/CE/ES/Doc204_3/fileloc.pdf,FALSE,Migration,204.3,3
/CE/ES/Doc204_4/fileloc.pdf,FALSE,Migration,204.4,4
/CE/DE/Doc205_1/fileloc.pdf,FALSE,Migration,205.1,1
/CE/DE/Doc205_2/fileloc.pdf,TRUE,Migration,205.2,2
/CE/DE/Doc205_3/fileloc.pdf,TRUE,Migration,205.3,3
/CE/DE/Doc205_4/fileloc.pdf,TRUE,Migration,205.4,4
/CE/DK/Doc206_1/fileloc.pdf,TRUE,Migration,206.1,1
/CE/DK/Doc206_2/fileloc.pdf,TRUE,Migration,206.2,2
/CE/DK/Doc206_3/fileloc.pdf,TRUE,Migration,206.3,3
/CE/DK/Doc206_4/fileloc.pdf,TRUE,Migration,206.4,4
,TRUE,Migration,207.1,1
/CE/CH/Doc207_2/fileloc.pdf,TRUE,Migration,207.2,2
/CE/CH/Doc207_3/fileloc.pdf,TRUE,Migration,207.3,3
/CE/CH/Doc207_4/fileloc.pdf,FALSE,Migration,207.4,4
/CE/UK/Doc208_1/fileloc.pdf,FALSE,Migration,208.1,1
/CE/UK/Doc208_2/fileloc.pdf,TRUE,Migration,208.2,2
/CE/UK/Doc208_3/fileloc.pdf,FALSE,Migration,208.3,3
/CE/UK/Doc208_4/fileloc.pdf,TRUE,Migration,208.4,4
/CE/ES/Doc209_1/fileloc.pdf,TRUE,Migration,209.1,1
/CE/ES/Doc209_2/fileloc.pdf,FALSE,Migration,209.2,2
/CE/ES/Doc209_3/fileloc.pdf,FALSE,Migration,209.3,3
/CE/ES/Doc209_4/fileloc.pdf,TRUE,Migration,209.4,4
/CE/DE/Doc210_1/fileloc.pdf,TRUE,Migration,210.1,1
/CE/DE/Doc210_2/fileloc.pdf,FALSE,Migration,210.2,2
/CE/DE/Doc210_3/fileloc.pdf,FALSE,Migration,210.3,3
/CE/DE/Doc210_4/fileloc.pdf,FALSE,Migration,210.4,4
/CE/DK/Doc211_1/fileloc.pdf,TRUE,Migration,211.1,1
/CE/DK/Doc211_2/fileloc.pdf,FALSE,Migration,211.2,2
/CE/DK/Doc211_3/fileloc.pdf,TRUE,Migration,211.3,3
/CE/DK/Doc211_4/fileloc.pdf,FALSE,Migration,211.4,4
/CE/CH/Doc212_1/fileloc.pdf,TRUE,Migration,212.1,1
/CE/CH/Doc212_2/fileloc.pdf,TRUE,Migration,212.2,2
/CE/CH/Doc212_3/fileloc.pdf,TRUE,Migration,212.3,3
/CE/CH/Doc212_4/fileloc.pdf,FALSE,Migration,212.4,4
/CE/UK/Doc213_1/fileloc.pdf,TRUE,Migration,213.1,1
/CE/UK/Doc213_2/fileloc.pdf,TRUE,Migration,213.2,2
/CE/UK/Doc213_3/fileloc.pdf,TRUE,Migration,213.3,3
/CE/UK/Doc213_4/fileloc.pdf,TRUE,Migration,213.4,4
/CE/ES/Doc214_1/fileloc.pdf,TRUE,Migration,214.1,1
/CE/ES/Doc214_2/fileloc.pdf,TRUE,Migration,214.2,2
/CE/ES/Doc214_3/fileloc.pdf,FALSE,Migration,214.3,3
/CE/ES/Doc214_4/fileloc.pdf,FALSE,Migration,214.4,4
/CE/DE/Doc215_1/fileloc.pdf,FALSE,Migration,215.1,1
/CE/DE/Doc215_2/fileloc.pdf,TRUE,Migration,215.2,2
/CE/DE/Doc215_3/fileloc.pdf,TRUE,Migration,215.3,3
/CE/DE/Doc215_4/fileloc.pdf,FALSE,Migration,215.4,4
/CE/DK/Doc216_1/fileloc.pdf,FALSE,Migration,216.1,1
/CE/DK/Doc216_2/fileloc.pdf,TRUE,Migration,216.2,2
/CE/DK/Doc216_3/fileloc.pdf,TRUE,Migration,216.3,3
/CE/DK/Doc216_4/fileloc.pdf,FALSE,Migration,216.4,4
/CE/CH/Doc217_1/fileloc.pdf,FALSE,Migration,217.1,1
/CE/CH/Doc217_2/fileloc.pdf,FALSE,Migration,217.2,2
/CE/CH/Doc217_3/fileloc.pdf,TRUE,Migration,217.3,3
/CE/CH/Doc217_4/fileloc.pdf,FALSE,Migration,217.4,4
/CE/UK/Doc218_1/fileloc.pdf,FALSE,Migration,218.1,1
/CE/UK/Doc218_2/fileloc.pdf,FALSE,Migration,218.2,2
/CE/UK/Doc218_3/fileloc.pdf,TRUE,Migration,218.3,3
/CE/UK/Doc218_4/fileloc.pdf,TRUE,Migration,218.4,4
/CE/ES/Doc219_1/fileloc.pdf,FALSE,Migration,219.1,1
/CE/ES/Doc219_2/fileloc.pdf,FALSE,Migration,219.2,2
/CE/ES/Doc219_3/fileloc.pdf,FALSE,Migration,219.3,3
/CE/ES/Doc219_4/fileloc.pdf,FALSE,Migration,219.4,4
/CE/DE/Doc220_1/fileloc.pdf,FALSE,Migration,220.1,1
/CE/DE/Doc220_2/fileloc.pdf,TRUE,Migration,220.2,2
/CE/DE/Doc220_3/fileloc.pdf,FALSE,Migration,220.3,3
/CE/DE/Doc220_4/fileloc.pdf,TRUE,Migration,220.4,4
/CE/DK/Doc221_1/fileloc.pdf,FALSE,Migration,221.1,1
/CE/DK/Doc221_2/fileloc.pdf,FALSE,Migration,221.2,2
/CE/DK/Doc221_3/fileloc.pdf,TRUE,Migration,221.3,3
/CE/DK/Doc221_4/fileloc.pdf,FALSE,Migration,221.4,4
/CE/CH/Doc222_1_named_Missing/fileloc.pdf,FALSE,Migration,222.1,1
/CE/CH/Doc222_2/fileloc.pdf,FALSE,Migration,222.2,2
/CE/CH/Doc222_3/fileloc.pdf,TRUE,Migration,222.3,3
/CE/CH/Doc222_4/fileloc.pdf,TRUE,Migration,222.4,4
/CE/UK/Doc223_1/fileloc.pdf,FALSE,Migration,223.1,1
/CE/UK/Doc223_2/fileloc.pdf,FALSE,Migration,223.2,2
/CE/UK/Doc223_3/fileloc.pdf,TRUE,Migration,223.3,3
/CE/UK/Doc223_4/fileloc.pdf,FALSE,Migration,223.4,4
/CE/ES/Doc224_1/fileloc.pdf,FALSE,Migration,224.1,1
/CE/ES/Doc224_2/fileloc.pdf,TRUE,Migration,224.2,2
/CE/ES/Doc224_3/fileloc.pdf,TRUE,Migration,224.3,3
/CE/ES/Doc224_4/fileloc.pdf,TRUE,Migration,224.4,4
/CE/DE/Doc225_1/fileloc.pdf,FALSE,Migration,225.1,1
/CE/DE/Doc225_2/fileloc.pdf,FALSE,Migration,225.2,2
/CE/DE/Doc225_3/fileloc.pdf,FALSE,Migration,225.3,3
/CE/DE/Doc225_4/fileloc.pdf,TRUE,Migration,225.4,4
/CE/DK/Doc226_1/fileloc.pdf,TRUE,Migration,226.1,1
/CE/DK/Doc226_2/fileloc.pdf,FALSE,Migration,226.2,2
/CE/DK/Doc226_3/fileloc.pdf,FALSE,Migration,226.3,3
/CE/DK/Doc226_4/fileloc.pdf,TRUE,Migration,226.4,4
/CE/CH/Doc227_1/fileloc.pdf,FALSE,Migration,227.1,1
/CE/CH/Doc227_2/fileloc.pdf,TRUE,Migration,227.2,2
/CE/CH/Doc227_3/fileloc.pdf,FALSE,Migration,227.3,3
/CE/CH/Doc227_4/fileloc.pdf,FALSE,Migration,227.4,4
/CE/UK/Doc228_1/fileloc.pdf,TRUE,Migration,228.1,1
/CE/UK/Doc228_2/fileloc.pdf,TRUE,Migration,228.2,2
/CE/UK/Doc228_3/fileloc.pdf,TRUE,Migration,228.3,3
/CE/UK/Doc228_4/fileloc.pdf,TRUE,Migration,228.4,4
/CE/ES/Doc229_1/fileloc.pdf,FALSE,Migration,229.1,1
/CE/ES/Doc229_2/fileloc.pdf,TRUE,Migration,229.2,2
/CE/ES/Doc229_3/fileloc.pdf,FALSE,Migration,229.3,3
/CE/ES/Doc229_4/fileloc.pdf,FALSE,Migration,229.4,4
/CE/DE/Doc230_1/fileloc.pdf,FALSE,Migration,230.1,1
/CE/DE/Doc230_2/fileloc.pdf,TRUE,Migration,230.2,2
/CE/DE/Doc230_3/fileloc.pdf,FALSE,Migration,230.3,3
/CE/DE/Doc230_4/fileloc.pdf,FALSE,Migration,230.4,4
/CE/DK/Doc231_1/fileloc.pdf,FALSE,Migration,231.1,1
/CE/DK/Doc231_2/fileloc.pdf,FALSE,Migration,231.2,2
/CE/DK/Doc231_3/fileloc.pdf,TRUE,Migration,231.3,3
/CE/DK/Doc231_4/fileloc.pdf,TRUE,Migration,231.4,4
/CE/CH/Doc232_1/fileloc.pdf,TRUE,Migration,232.1,1
/CE/CH/Doc232_2/fileloc.pdf,TRUE,Migration,232.2,2
/CE/CH/Doc232_3/fileloc.pdf,FALSE,Migration,232.3,3
/CE/CH/Doc232_4/fileloc.pdf,TRUE,Migration,232.4,4
/CE/UK/Doc233_1/fileloc.pdf,FALSE,Migration,233.1,1
/CE/UK/Doc233_2/fileloc.pdf,FALSE,Migration,233.2,2
/CE/UK/Doc233_3/fileloc.pdf,FALSE,Migration,233.3,3
/CE/UK/Doc233_4/fileloc.pdf,TRUE,Migration,233.4,4
/CE/ES/Doc234_1/fileloc.pdf,TRUE,Migration,234.1,1
/CE/ES/Doc234_2/fileloc.pdf,TRUE,Migration,234.2,2
/CE/ES/Doc234_3/fileloc.pdf,FALSE,Migration,234.3,3
/CE/ES/Doc234_4/fileloc.pdf,TRUE,Migration,234.4,4
/CE/DE/Doc235_1/fileloc.pdf,FALSE,Migration,235.1,1
/CE/DE/Doc235_2/fileloc.pdf,FALSE,Migration,235.2,2
/CE/DE/Doc235_3/fileloc.pdf,TRUE,Migration,235.3,3
/CE/DE/Doc235_4/fileloc.pdf,FALSE,Migration,235.4,4
/CE/DK/Doc236_1/fileloc.pdf,FALSE,Migration,236.1,1
/CE/DK/Doc236_2/fileloc.pdf,FALSE,Migration,236.2,2
/CE/DK/Doc236_3/fileloc.pdf,FALSE,Migration,236.3,3
/CE/DK/Doc236_4/fileloc.pdf,FALSE,Migration,236.4,4
/CE/CH/Doc237_1/fileloc.pdf,TRUE,Migration,237.1,1
/CE/CH/Doc237_2/fileloc.pdf,TRUE,Migration,237.2,2
/CE/CH/Doc237_3/fileloc.pdf,FALSE,Migration,237.3,3
/CE/CH/Doc237_4/fileloc.pdf,FALSE,Migration,237.4,4
/CE/UK/Doc238_1/fileloc.pdf,TRUE,Migration,238.1,1
/CE/UK/Doc238_2/fileloc.pdf,FALSE,Migration,238.2,2
/CE/UK/Doc238_3/fileloc.pdf,TRUE,Migration,238.3,3
/CE/UK/Doc238_4/fileloc.pdf,FALSE,Migration,238.4,4
/CE/ES/Doc239_1/fileloc.pdf,FALSE,Migration,239.1,1
/CE/ES/Doc239_2/fileloc.pdf,FALSE,Migration,239.2,2
/CE/ES/Doc239_3/fileloc.pdf,FALSE,Migration,239.3,3
/CE/ES/Doc239_4/fileloc.pdf,TRUE,Migration,239.4,4
/CE/DE/Doc240_1/fileloc.pdf,FALSE,Migration,240.1,1
/CE/DE/Doc240_2/fileloc.pdf,FALSE,Migration,240.2,2
/CE/DE/Doc240_3/fileloc.pdf,FALSE,Migration,240.3,3
/CE/DE/Doc240_4/fileloc.pdf,FALSE,Migration,240.4,4
/CE/DK/Doc241_1/fileloc.pdf,TRUE,Migration,241.1,1
/CE/DK/Doc241_2/fileloc.pdf,TRUE,Migration,241.2,2
/CE/DK/Doc241_3/fileloc.pdf,TRUE,Migration,241.3,3
/CE/DK/Doc241_4/fileloc.pdf,FALSE,Migration,241.4,4
/CE/CH/Doc242_1/fileloc.pdf,TRUE,Migration,242.1,1
/CE/CH/Doc242_2/fileloc.pdf,TRUE,Migration,242.2,2
/CE/CH/Doc242_3/fileloc.pdf,FALSE,Migration,242.3,3
/CE/CH/Doc242_4/fileloc.pdf,TRUE,Migration,242.4,4
/CE/UK/Doc243_1/fileloc.pdf,FALSE,Migration,243.1,1
/CE/UK/Doc243_2/fileloc.pdf,TRUE,Migration,243.2,2
/CE/UK/Doc243_3/fileloc.pdf,TRUE,Migration,243.3,3
/CE/UK/Doc243_4/fileloc.pdf,FALSE,Migration,243.4,4
/CE/ES/Doc244_1/fileloc.pdf,FALSE,Migration,244.1,1
/CE/ES/Doc244_2/fileloc.pdf,FALSE,Migration,244.2,2
/CE/ES/Doc244_3/fileloc.pdf,FALSE,Migration,244.3,3
/CE/ES/Doc244_4/fileloc.pdf,TRUE,Migration,244.4,4
/CE/DE/Doc245_1/fileloc.pdf,FALSE,Migration,245.1,1
/CE/DE/Doc245_2/fileloc.pdf,FALSE,Migration,245.2,2
/CE/DE/Doc245_3/fileloc.pdf,TRUE,Migration,245.3,3
/CE/DE/Doc245_4/fileloc.pdf,TRUE,Migration,245.4,4
/CE/DK/Doc246_1/fileloc.pdf,TRUE,Migration,246.1,1
/CE/DK/Doc246_2/fileloc.pdf,FALSE,Migration,246.2,2
/CE/DK/Doc246_3/fileloc.pdf,TRUE,Migration,246.3,3
/CE/DK/Doc246_4/fileloc.pdf,FALSE,Migration,246.4,4
/CE/CH/Doc247_1/fileloc.pdf,FALSE,Migration,247.1,1
/CE/CH/Doc247_2/fileloc.pdf,TRUE,Migration,247.2,2
/CE/CH/Doc247_3/fileloc.pdf,TRUE,Migration,247.3,3
/CE/CH/Doc247_4/fileloc.pdf,FALSE,Migration,247.4,4
/CE/UK/Doc248_1/fileloc.pdf,FALSE,Migration,248.1,1
/CE/UK/Doc248_2/fileloc.pdf,FALSE,Migration,248.2,2
/CE/UK/Doc248_3/fileloc.pdf,FALSE,Migration,248.3,3
/CE/UK/Doc248_4/fileloc.pdf,TRUE,Migration,248.4,4
/CE/ES/Doc249_1/fileloc.pdf,FALSE,Migration,249.1,1
/CE/ES/Doc249_2/fileloc.pdf,TRUE,Migration,249.2,2
/CE/ES/Doc249_3/fileloc.pdf,FALSE,Migration,249.3,3
/CE/ES/Doc249_4/fileloc.pdf,FALSE,Migration,249.4,4
/CE/DE/Doc250_1/fileloc.pdf,FALSE,Migration,250.1,1
/CE/DE/Doc250_2/fileloc.pdf,FALSE,Migration,250.2,2
/CE/DE/Doc250_3/fileloc.pdf,TRUE,Migration,250.3,3
/CE/DE/Doc250_4/fileloc.pdf,TRUE,Migration,250.4,4
